{
    "circuit_name": "rc_adder_6",
    "sa_parameters": {
        "initial_temp": 10.0,
        "final_temp": 0.5,
        "cooling_rate": 0.95
    },
    "performance": {
        "total_execution_time_seconds": 25.61177682876587,
        "timing_breakdown_seconds": {
            "get_gate_num": 20.10575556755066,
            "get_neighbor": 5.498019456863403,
            "acceptance_probability": 0.00030422210693359375,
            "state_update": 0.0015420913696289062,
            "history_update": 0.00011420249938964844,
            "cooling": 3.933906555175781e-05,
            "loop_total": 25.25303626060486
        }
    },
    "initial_circuit_stats": {
        "all": 249,
        "two": 165,
        "one": 84,
        "t": 45
    },
    "optimized_circuit_stats": {
        "all": 249,
        "two": 165,
        "one": 84,
        "t": 45
    },
    "optimization_history": {
        "score": [
            45,
            47,
            47,
            47,
            47,
            47,
            47,
            47,
            47,
            47,
            47,
            47,
            47,
            47,
            47,
            47,
            47,
            47,
            47,
            47,
            47,
            47,
            47,
            47,
            47,
            47,
            47,
            47,
            47,
            47,
            47,
            47,
            47,
            47,
            47,
            47,
            47,
            47,
            47,
            47,
            47,
            47,
            47,
            47,
            47,
            47,
            47,
            47,
            47,
            47,
            47,
            47,
            47,
            47,
            47,
            47,
            47,
            47,
            47
        ],
        "t_gates": [
            45,
            47,
            47,
            47,
            47,
            47,
            47,
            47,
            47,
            47,
            47,
            47,
            47,
            47,
            47,
            47,
            47,
            47,
            47,
            47,
            47,
            47,
            47,
            47,
            47,
            47,
            47,
            47,
            47,
            47,
            47,
            47,
            47,
            47,
            47,
            47,
            47,
            47,
            47,
            47,
            47,
            47,
            47,
            47,
            47,
            47,
            47,
            47,
            47,
            47,
            47,
            47,
            47,
            47,
            47,
            47,
            47,
            47,
            47
        ],
        "total_gates": [
            249,
            258,
            258,
            258,
            258,
            259,
            259,
            293,
            293,
            292,
            292,
            292,
            292,
            327,
            327,
            293,
            293,
            293,
            347,
            391,
            356,
            356,
            361,
            361,
            361,
            377,
            377,
            362,
            367,
            417,
            338,
            338,
            338,
            363,
            363,
            380,
            380,
            405,
            405,
            405,
            401,
            353,
            313,
            357,
            357,
            374,
            374,
            374,
            374,
            374,
            355,
            336,
            394,
            354,
            412,
            270,
            320,
            296,
            266
        ],
        "two_qubit_gates": [
            165,
            153,
            153,
            153,
            153,
            155,
            155,
            175,
            175,
            174,
            172,
            172,
            172,
            188,
            188,
            170,
            170,
            170,
            211,
            246,
            215,
            215,
            219,
            219,
            219,
            234,
            234,
            215,
            228,
            280,
            198,
            198,
            198,
            230,
            230,
            242,
            242,
            265,
            265,
            265,
            254,
            226,
            195,
            219,
            219,
            214,
            214,
            214,
            214,
            214,
            213,
            196,
            255,
            206,
            268,
            161,
            197,
            190,
            162
        ],
        "time": [
            0.0,
            0.5632433891296387,
            0.6692731380462646,
            0.7895281314849854,
            0.9119253158569336,
            1.0417003631591797,
            1.1772558689117432,
            1.3562476634979248,
            1.6325440406799316,
            1.779275894165039,
            1.9338316917419434,
            2.0983781814575195,
            2.2754695415496826,
            2.53901743888855,
            3.0025827884674072,
            3.199822425842285,
            3.418888568878174,
            3.884533643722534,
            4.116886854171753,
            4.359278440475464,
            4.648114919662476,
            5.27028751373291,
            5.544284820556641,
            5.846390962600708,
            6.22663140296936,
            6.518033981323242,
            7.090778350830078,
            7.396596193313599,
            8.27359414100647,
            8.596545219421387,
            8.929207801818848,
            9.396351099014282,
            10.38648247718811,
            11.420314311981201,
            11.776240825653076,
            12.205025434494019,
            12.788323640823364,
            13.237436532974243,
            13.755890846252441,
            14.243820190429688,
            14.763688325881958,
            15.315311431884766,
            15.786988019943237,
            16.333975791931152,
            17.09139108657837,
            17.544080018997192,
            18.06923818588257,
            19.016874074935913,
            20.3735830783844,
            20.85741400718689,
            21.33082628250122,
            21.84208846092224,
            22.350069522857666,
            22.969562530517578,
            23.573699951171875,
            24.074950218200684,
            24.593268394470215,
            25.046802043914795,
            25.61167860031128
        ],
        "transition_count": [
            0,
            1,
            2,
            3,
            4,
            5,
            6,
            7,
            8,
            9,
            10,
            11,
            12,
            13,
            14,
            15,
            16,
            17,
            18,
            19,
            20,
            21,
            22,
            23,
            24,
            25,
            26,
            27,
            28,
            29,
            30,
            31,
            32,
            33,
            34,
            35,
            36,
            37,
            38,
            39,
            40,
            41,
            42,
            43,
            44,
            45,
            46,
            47,
            48,
            49,
            50,
            51,
            52,
            53,
            54,
            55,
            56,
            57,
            58
        ],