{
    "circuit_name": "rc_adder_6",
    "sa_parameters": {
        "initial_temp": 10.0,
        "final_temp": 0.5,
        "cooling_rate": 0.95
    },
    "performance": {
        "total_execution_time_seconds": 835.2901763916016,
        "timing_breakdown_seconds": {
            "get_gate_num": 657.9941031932831,
            "get_neighbor": 177.28646159172058,
            "acceptance_probability": 0.00070953369140625,
            "state_update": 0.0016055107116699219,
            "history_update": 0.00014472007751464844,
            "cooling": 5.125999450683594e-05,
            "loop_total": 822.8361239433289
        }
    },
    "initial_circuit_stats": {
        "all": 249,
        "two": 165,
        "one": 84,
        "t": 45
    },
    "optimized_circuit_stats": {
        "all": 249,
        "two": 165,
        "one": 84,
        "t": 45
    },
    "optimization_history": {
        "score": [
            45,
            45,
            47,
            47,
            47,
            47,
            47,
            47,
            47,
            47,
            47,
            47,
            47,
            47,
            47,
            47,
            47,
            47,
            47,
            47,
            47,
            47,
            47,
            47,
            47,
            47,
            47,
            47,
            47,
            47,
            47,
            47,
            47,
            47,
            47,
            47,
            47,
            47,
            47,
            47,
            47,
            47,
            47,
            47,
            47,
            47,
            47,
            47,
            47,
            47,
            47,
            47,
            47,
            47,
            47,
            47,
            47,
            47,
            47
        ],
        "t_gates": [
            45,
            45,
            47,
            47,
            47,
            47,
            47,
            47,
            47,
            47,
            47,
            47,
            47,
            47,
            47,
            47,
            47,
            47,
            47,
            47,
            47,
            47,
            47,
            47,
            47,
            47,
            47,
            47,
            47,
            47,
            47,
            47,
            47,
            47,
            47,
            47,
            47,
            47,
            47,
            47,
            47,
            47,
            47,
            47,
            47,
            47,
            47,
            47,
            47,
            47,
            47,
            47,
            47,
            47,
            47,
            47,
            47,
            47,
            47
        ],
        "total_gates": [
            249,
            249,
            261,
            281,
            283,
            273,
            265,
            267,
            267,
            281,
            281,
            296,
            281,
            286,
            282,
            286,
            286,
            276,
            279,
            284,
            284,
            301,
            317,
            317,
            309,
            299,
            299,
            308,
            298,
            294,
            326,
            358,
            358,
            315,
            315,
            342,
            325,
            325,
            322,
            333,
            343,
            285,
            361,
            322,
            327,
            338,
            338,
            338,
            338,
            338,
            338,
            338,
            338,
            338,
            338,
            338,
            338,
            338,
            338
        ],
        "two_qubit_gates": [
            165,
            165,
            159,
            176,
            178,
            169,
            157,
            158,
            158,
            156,
            156,
            174,
            156,
            166,
            161,
            163,
            163,
            167,
            172,
            176,
            176,
            190,
            198,
            196,
            194,
            192,
            192,
            192,
            178,
            169,
            198,
            229,
            229,
            198,
            198,
            228,
            206,
            206,
            201,
            214,
            220,
            176,
            242,
            192,
            203,
            210,
            210,
            210,
            210,
            210,
            210,
            210,
            210,
            210,
            210,
            210,
            210,
            210,
            210
        ],
        "time": [
            0.0,
            47.633477210998535,
            97.48718762397766,
            106.49675297737122,
            116.26978898048401,
            126.05467367172241,
            135.01998376846313,
            143.9306001663208,
            152.74217009544373,
            164.49598121643066,
            176.2207579612732,
            187.78228116035461,
            198.91486883163452,
            209.65048456192017,
            221.78339886665344,
            233.33941388130188,
            245.11225819587708,
            254.01726531982422,
            262.6685965061188,
            271.88767552375793,
            280.989488363266,
            315.2267506122589,
            325.1335723400116,
            335.2973165512085,
            344.9599869251251,
            354.83636379241943,
            390.7707133293152,
            400.522736787796,
            409.89012598991394,
            420.9370868206024,
            461.9234981536865,
            474.2842309474945,
            486.75949478149414,
            496.02372550964355,
            505.2338693141937,
            514.7800364494324,
            524.4048373699188,
            534.1636099815369,
            543.9268505573273,
            552.3923416137695,
            562.1935670375824,
            571.788580417633,
            582.7945120334625,
            593.4764289855957,
            606.6319231987,
            619.8439056873322,
            633.0081264972687,
            646.2343015670776,
            659.4763102531433,
            672.7206892967224,
            686.0505254268646,
            720.7674448490143,
            733.9706635475159,
            747.2854542732239,
            760.556881904602,
            773.8909645080566,
            787.1358723640442,
            800.5808808803558,
            835.2900378704071
        ],
        "transition_count": [
            0,
            1,
            2,
            3,
            4,
            5,
            6,
            7,
            8,
            9,
            10,
            11,
            12,
            13,
            14,
            15,
            16,
            17,
            18,
            19,
            20,
            21,
            22,
            23,
            24,
            25,
            26,
            27,
            28,
            29,
            30,
            31,
            32,
            33,
            34,
            35,
            36,
            37,
            38,
            39,
            40,
            41,
            42,
            43,
            44,
            45,
            46,
            47,
            48,
            49,
            50,
            51,
            52,
            53,
            54,
            55,
            56,
            57,
            58
        ],