{
    "circuit_name": "csum_mux_9_corrected",
    "sa_parameters": {
        "initial_temp": 10.0,
        "final_temp": 1,
        "cooling_rate": 0.95
    },
    "performance": {
        "total_execution_time_seconds": 819.506557226181,
        "timing_breakdown_seconds": {
            "get_gate_num": 769.28382396698,
            "get_neighbor": 50.216434955596924,
            "acceptance_probability": 0.0002014636993408203,
            "state_update": 0.0007119178771972656,
            "history_update": 9.250640869140625e-05,
            "cooling": 6.270408630371094e-05,
            "loop_total": 800.5170910358429
        }
    },
    "initial_circuit_stats": {
        "all": 603,
        "two": 480,
        "one": 123,
        "t": 68
    },
    "optimized_circuit_stats": {
        "all": 603,
        "two": 480,
        "one": 123,
        "t": 68
    },
    "optimization_history": {
        "score": [
            68,
            70,
            72,
            74,
            74,
            72,
            74,
            74,
            74,
            76,
            76,
            74,
            72,
            72,
            72,
            72,
            72,
            72,
            74,
            74,
            72,
            74,
            74,
            74,
            74,
            72,
            72,
            72,
            74,
            74,
            74,
            74,
            74,
            74,
            76,
            74,
            74,
            72,
            72,
            74,
            74
        ],
        "t_gates": [
            68,
            70,
            72,
            74,
            74,
            72,
            74,
            74,
            74,
            76,
            76,
            74,
            72,
            72,
            72,
            72,
            72,
            72,
            74,
            74,
            72,
            74,
            74,
            74,
            74,
            72,
            72,
            72,
            74,
            74,
            74,
            74,
            74,
            74,
            76,
            74,
            74,
            72,
            72,
            74,
            74
        ],
        "total_gates": [
            603,
            491,
            536,
            539,
            590,
            536,
            553,
            503,
            519,
            523,
            492,
            581,
            512,
            528,
            621,
            450,
            544,
            547,
            534,
            581,
            599,
            566,
            511,
            450,
            525,
            539,
            548,
            545,
            524,
            551,
            619,
            591,
            599,
            523,
            523,
            460,
            513,
            510,
            487,
            551,
            513
        ],
        "two_qubit_gates": [
            480,
            364,
            398,
            401,
            451,
            404,
            418,
            368,
            383,
            382,
            353,
            442,
            374,
            394,
            484,
            314,
            411,
            413,
            396,
            443,
            460,
            429,
            378,
            314,
            383,
            400,
            415,
            406,
            387,
            416,
            487,
            450,
            464,
            385,
            383,
            324,
            376,
            374,
            348,
            413,
            376
        ],
        "time": [
            0.0,
            52.837823152542114,
            77.0932195186615,
            114.08166170120239,
            130.74767541885376,
            143.93108558654785,
            162.07229828834534,
            182.8981969356537,
            196.98870992660522,
            210.22608852386475,
            231.94804763793945,
            247.10647106170654,
            269.10378408432007,
            287.358966588974,
            302.88946652412415,
            325.0794789791107,
            342.21554231643677,
            379.1949326992035,
            395.43708062171936,
            412.06864643096924,
            429.3344085216522,
            448.03015995025635,
            463.940309047699,
            479.395414352417,
            498.4547019004822,
            514.6618301868439,
            552.9091424942017,
            570.3612794876099,
            588.077654838562,
            607.8216750621796,
            625.4428524971008,
            643.8487012386322,
            663.3052740097046,
            680.3049936294556,
            697.1539216041565,
            716.9196991920471,
            733.7638566493988,
            751.3427929878235,
            783.7124047279358,
            801.808845281601,
            819.5064361095428
        ],
        "transition_count": [
            0,
            1,
            2,
            3,
            4,
            5,
            6,
            7,
            8,
            9,
            10,
            11,
            12,
            13,
            14,
            15,
            16,
            17,
            18,
            19,
            20,
            21,
            22,
            23,
            24,
            25,
            26,
            27,
            28,
            29,
            30,
            31,
            32,
            33,
            34,
            35,
            36,
            37,
            38,
            39,
            40
        ],
        "iteration_count": [
            0,
            2,
            4,
            6,
            7,
            8,
            9,
            10,
            11,
            12,
            13,
            14,
            15,
            16,
            17,
            18,
            19,
            21,
            22,
            23,
            24,
            25,
            26,
            27,
            28,
            29,
            31,
            32,
            33,
            34,
            35,
            36,
            37,
            38,
            39,
            40,
            41,
            42,
            43,
            44,
            45
        ]
    }
}