{
    "circuit_name": "barenco_tof_5",
    "sa_parameters": {
        "initial_temp": 10.0,
        "final_temp": 0.5,
        "cooling_rate": 0.95
    },
    "performance": {
        "total_execution_time_seconds": 18.416810274124146,
        "timing_breakdown_seconds": {
            "get_gate_num": 15.232073783874512,
            "get_neighbor": 3.1766021251678467,
            "acceptance_probability": 0.0002846717834472656,
            "state_update": 0.0009284019470214844,
            "history_update": 0.00012135505676269531,
            "cooling": 4.100799560546875e-05,
            "loop_total": 18.186749696731567
        }
    },
    "initial_circuit_stats": {
        "all": 187,
        "two": 102,
        "one": 85,
        "t": 40
    },
    "optimized_circuit_stats": {
        "all": 187,
        "two": 102,
        "one": 85,
        "t": 40
    },
    "optimization_history": {
        "score": [
            40,
            40,
            40,
            40,
            40,
            40,
            40,
            40,
            40,
            40,
            40,
            40,
            40,
            40,
            40,
            40,
            40,
            40,
            40,
            40,
            40,
            40,
            40,
            40,
            40,
            40,
            40,
            40,
            40,
            40,
            40,
            40,
            40,
            40,
            40,
            40,
            40,
            40,
            40,
            40,
            40,
            40,
            40,
            40,
            40,
            40,
            40,
            40,
            40,
            40,
            40,
            40,
            40,
            40,
            40,
            40,
            40,
            40,
            40,
            40
        ],
        "t_gates": [
            40,
            40,
            40,
            40,
            40,
            40,
            40,
            40,
            40,
            40,
            40,
            40,
            40,
            40,
            40,
            40,
            40,
            40,
            40,
            40,
            40,
            40,
            40,
            40,
            40,
            40,
            40,
            40,
            40,
            40,
            40,
            40,
            40,
            40,
            40,
            40,
            40,
            40,
            40,
            40,
            40,
            40,
            40,
            40,
            40,
            40,
            40,
            40,
            40,
            40,
            40,
            40,
            40,
            40,
            40,
            40,
            40,
            40,
            40,
            40
        ],
        "total_gates": [
            187,
            152,
            152,
            153,
            153,
            154,
            154,
            168,
            196,
            196,
            196,
            196,
            186,
            186,
            186,
            229,
            236,
            236,
            202,
            205,
            198,
            198,
            183,
            203,
            203,
            203,
            203,
            217,
            188,
            190,
            192,
            194,
            187,
            187,
            187,
            187,
            189,
            187,
            187,
            187,
            187,
            187,
            187,
            187,
            187,
            187,
            187,
            187,
            187,
            187,
            187,
            187,
            187,
            183,
            183,
            187,
            187,
            187,
            187,
            187
        ],
        "two_qubit_gates": [
            102,
            78,
            78,
            79,
            79,
            79,
            79,
            96,
            112,
            112,
            112,
            112,
            104,
            104,
            104,
            145,
            146,
            146,
            116,
            119,
            109,
            109,
            102,
            118,
            118,
            118,
            118,
            129,
            108,
            110,
            115,
            117,
            107,
            107,
            107,
            107,
            110,
            108,
            108,
            108,
            108,
            108,
            108,
            108,
            108,
            108,
            108,
            108,
            108,
            108,
            108,
            108,
            108,
            102,
            102,
            108,
            108,
            108,
            108,
            108
        ],
        "time": [
            0.0,
            0.44135165214538574,
            0.6406192779541016,
            1.3385205268859863,
            1.5571768283843994,
            1.7768871784210205,
            2.0006039142608643,
            2.2255547046661377,
            2.4779322147369385,
            3.187407970428467,
            3.4221279621124268,
            4.111931800842285,
            4.346445322036743,
            4.591727256774902,
            4.837306261062622,
            5.0819315910339355,
            5.352689027786255,
            5.633690595626831,
            5.890136003494263,
            6.156113862991333,
            6.424365282058716,
            6.6997692584991455,
            6.961942195892334,
            7.2355124950408936,
            7.786430835723877,
            8.067138671875,
            8.353053331375122,
            8.670436143875122,
            8.969109535217285,
            9.240803480148315,
            9.539638757705688,
            9.833043098449707,
            10.11063528060913,
            10.747873783111572,
            10.989782094955444,
            11.222742795944214,
            11.49268913269043,
            11.729190349578857,
            11.988642930984497,
            12.234244346618652,
            12.481996297836304,
            12.73332691192627,
            13.00714111328125,
            13.266113519668579,
            13.525352954864502,
            13.792209386825562,
            14.057466268539429,
            14.320365190505981,
            14.584510803222656,
            14.86376166343689,
            15.136395931243896,
            15.571958541870117,
            15.87004828453064,
            16.532658100128174,
            16.938223600387573,
            17.182002067565918,
            17.430001258850098,
            17.677587509155273,
            18.177804231643677,
            18.416727304458618
        ],
        "transition_count": [
            0,
            1,
            2,
            3,
            4,
            5,
            6,
            7,
            8,
            9,
            10,
            11,
            12,
            13,
            14,
            15,
            16,
            17,
            18,
            19,
            20,
            21,
            22,
            23,
            24,
            25,
            26,
            27,
            28,
            29,
            30,
            31,
            32,
            33,
            34,
            35,
            36,
            37,
            38,
            39,
            40,
            41,
            42,
            43,
            44,
            45,
            46,
            47,
            48,
            49,
            50,
            51,
            52,
            53,
            54,
            55,
            56,
            57,
            58,
            59
        ],