{
    "circuit_name": "aaa",
    "sa_parameters": {
        "initial_temp": 10.0,
        "final_temp": 1,
        "cooling_rate": 0.95
    },
    "performance": {
        "total_execution_time_seconds": 810.164760351181,
        "timing_breakdown_seconds": {
            "evaluate_func": 2.0397746562957764,
            "get_neighbor": 808.1235213279724,
            "acceptance_probability": 0.0001971721649169922,
            "state_update": 0.0007987022399902344,
            "history_update": 3.6716461181640625e-05,
            "print": 1.7642974853515625e-05,
            "cooling": 3.9577484130859375e-05,
            "loop_total": 808.1248867511749
        }
    },
    "initial_circuit_stats": 60,
    "optimized_circuit_stats": {
        "all": 285,
        "two": 217,
        "one": 68,
        "t": 53
    },
    "optimization_history": {
        "score": [
            60,
            50,
            55,
            52,
            54,
            52,
            52,
            51,
            55,
            53,
            51,
            50,
            49,
            50,
            51,
            52,
            51,
            50,
            51,
            51,
            51,
            51,
            52,
            53,
            48
        ],
        "time": [
            0.0,
            7.84120512008667,
            14.52942419052124,
            21.067523956298828,
            30.635508060455322,
            38.5602822303772,
            46.26953101158142,
            51.84062218666077,
            60.76694130897522,
            72.11208009719849,
            85.00252223014832,
            99.10614562034607,
            125.14972066879272,
            140.2058310508728,
            181.74315786361694,
            195.6699080467224,
            214.73435354232788,
            228.52570009231567,
            241.32098245620728,
            255.76793146133423,
            295.21910429000854,
            324.86706042289734,
            339.71092438697815,
            362.322628736496,
            397.7526080608368
        ],
        "transition_count": [
            0,
            1,
            2,
            3,
            4,
            5,
            6,
            7,
            8,
            9,
            10,
            11,
            12,
            13,
            14,
            15,
            16,
            17,
            18,
            19,
            20,
            21,
            22,
            23,
            24
        ],
        "iteration_count": [
            0,
            1,
            2,
            3,
            4,
            5,
            6,
            7,
            8,
            9,
            10,
            11,
            13,
            14,
            16,
            17,
            18,
            19,
            20,
            21,
            23,
            24,
            25,
            26,
            28
        ]
    }
}