{
    "circuit_name": "csum_mux_9_corrected",
    "sa_parameters": {
        "initial_temp": 10.0,
        "final_temp": 1,
        "cooling_rate": 0.95
    },
    "performance": {
        "total_execution_time_seconds": 1670.9195177555084,
        "timing_breakdown_seconds": {
            "get_gate_num": 1289.3876721858978,
            "get_neighbor": 381.5244710445404,
            "acceptance_probability": 0.00021147727966308594,
            "state_update": 0.0012080669403076172,
            "history_update": 9.894371032714844e-05,
            "cooling": 3.600120544433594e-05,
            "loop_total": 1649.1842987537384
        }
    },
    "initial_circuit_stats": {
        "all": 483,
        "two": 354,
        "one": 129,
        "t": 72
    },
    "optimized_circuit_stats": {
        "all": 483,
        "two": 354,
        "one": 129,
        "t": 72
    },
    "optimization_history": {
        "score": [
            72,
            72,
            74,
            74,
            74,
            74,
            74,
            72,
            74,
            72,
            72,
            74,
            74,
            74,
            74,
            72,
            74,
            72,
            74,
            74,
            74,
            74,
            74,
            74,
            74,
            72,
            72,
            72,
            74,
            74,
            74,
            74,
            74,
            72,
            72,
            74,
            74,
            74,
            74,
            74,
            74,
            74
        ],
        "t_gates": [
            72,
            72,
            74,
            74,
            74,
            74,
            74,
            72,
            74,
            72,
            72,
            74,
            74,
            74,
            74,
            72,
            74,
            72,
            74,
            74,
            74,
            74,
            74,
            74,
            74,
            72,
            72,
            72,
            74,
            74,
            74,
            74,
            74,
            72,
            72,
            74,
            74,
            74,
            74,
            74,
            74,
            74
        ],
        "total_gates": [
            483,
            556,
            558,
            517,
            531,
            566,
            556,
            513,
            478,
            542,
            513,
            505,
            563,
            545,
            488,
            544,
            541,
            522,
            641,
            593,
            555,
            589,
            530,
            529,
            524,
            558,
            558,
            500,
            698,
            521,
            582,
            511,
            585,
            535,
            526,
            549,
            636,
            697,
            532,
            673,
            503,
            526
        ],
        "two_qubit_gates": [
            354,
            420,
            425,
            380,
            389,
            430,
            421,
            380,
            342,
            410,
            383,
            369,
            427,
            408,
            348,
            406,
            405,
            386,
            500,
            455,
            415,
            453,
            392,
            393,
            388,
            423,
            427,
            365,
            563,
            385,
            442,
            373,
            451,
            399,
            391,
            416,
            496,
            558,
            394,
            537,
            366,
            386
        ],
        "time": [
            0.0,
            53.724358797073364,
            73.13848567008972,
            94.71329402923584,
            113.57418417930603,
            135.78853750228882,
            170.0491144657135,
            190.03931617736816,
            211.61634373664856,
            232.53994870185852,
            253.4284942150116,
            274.31284284591675,
            295.334281206131,
            315.9027428627014,
            354.4208388328552,
            391.9946355819702,
            453.9141798019409,
            475.04786705970764,
            499.44268584251404,
            520.4466700553894,
            541.6001245975494,
            566.0329325199127,
            587.2719068527222,
            654.4912750720978,
            688.5490987300873,
            721.3505408763885,
            789.6240451335907,
            856.4342143535614,
            891.7121369838715,
            1003.8118343353271,
            1038.2553734779358,
            1113.9115347862244,
            1149.8789794445038,
            1184.1946260929108,
            1220.6963007450104,
            1309.2966618537903,
            1391.6614813804626,
            1431.305474281311,
            1488.8017756938934,
            1528.0638613700867,
            1585.2742984294891,
            1670.919404745102
        ],
        "transition_count": [
            0,
            1,
            2,
            3,
            4,
            5,
            6,
            7,
            8,
            9,
            10,
            11,
            12,
            13,
            14,
            15,
            16,
            17,
            18,
            19,
            20,
            21,
            22,
            23,
            24,
            25,
            26,
            27,
            28,
            29,
            30,
            31,
            32,
            33,
            34,
            35,
            36,
            37,
            38,
            39,
            40,
            41
        ],
        "iteration_count": [
            0,
            1,
            2,
            3,
            4,
            5,
            6,
            7,
            8,
            9,
            10,
            11,
            12,
            13,
            14,
            15,
            17,
            18,
            19,
            20,
            21,
            22,
            23,
            24,
            25,
            26,
            28,
            30,
            31,
            33,
            34,
            35,
            36,
            37,
            38,
            39,
            40,
            41,
            42,
            43,
            44,
            45
        ]
    }
}