{
    "circuit_name": "tof_10",
    "sa_parameters": {
        "initial_temp": 10.0,
        "final_temp": 0.5,
        "cooling_rate": 0.95
    },
    "performance": {
        "total_execution_time_seconds": 76.98450374603271,
        "timing_breakdown_seconds": {
            "get_gate_num": 60.63512396812439,
            "get_neighbor": 16.340200185775757,
            "acceptance_probability": 0.0004220008850097656,
            "state_update": 0.0014679431915283203,
            "history_update": 0.00011873245239257812,
            "cooling": 5.245208740234375e-05,
            "loop_total": 76.29915738105774
        }
    },
    "initial_circuit_stats": {
        "all": 318,
        "two": 169,
        "one": 149,
        "t": 71
    },
    "optimized_circuit_stats": {
        "all": 318,
        "two": 169,
        "one": 149,
        "t": 71
    },
    "optimization_history": {
        "score": [
            71,
            71,
            71,
            71,
            71,
            71,
            71,
            71,
            71,
            71,
            71,
            71,
            71,
            71,
            71,
            71,
            71,
            71,
            71,
            71,
            71,
            71,
            71,
            71,
            71,
            71,
            71,
            71,
            71,
            71,
            71,
            71,
            71,
            71,
            71,
            71,
            71,
            71,
            71,
            71,
            71,
            71,
            71,
            71,
            71,
            71,
            71,
            71,
            71,
            71,
            71,
            71,
            71,
            71,
            71,
            71,
            71,
            71,
            71,
            71
        ],
        "t_gates": [
            71,
            71,
            71,
            71,
            71,
            71,
            71,
            71,
            71,
            71,
            71,
            71,
            71,
            71,
            71,
            71,
            71,
            71,
            71,
            71,
            71,
            71,
            71,
            71,
            71,
            71,
            71,
            71,
            71,
            71,
            71,
            71,
            71,
            71,
            71,
            71,
            71,
            71,
            71,
            71,
            71,
            71,
            71,
            71,
            71,
            71,
            71,
            71,
            71,
            71,
            71,
            71,
            71,
            71,
            71,
            71,
            71,
            71,
            71,
            71
        ],
        "total_gates": [
            318,
            231,
            231,
            231,
            231,
            231,
            296,
            296,
            296,
            296,
            296,
            335,
            335,
            296,
            296,
            331,
            287,
            287,
            287,
            287,
            287,
            315,
            315,
            309,
            309,
            309,
            324,
            365,
            365,
            330,
            318,
            352,
            371,
            371,
            353,
            320,
            313,
            313,
            306,
            306,
            276,
            252,
            239,
            239,
            239,
            239,
            239,
            239,
            239,
            239,
            239,
            239,
            239,
            239,
            239,
            239,
            239,
            267,
            267,
            239
        ],
        "two_qubit_gates": [
            169,
            91,
            91,
            91,
            91,
            91,
            147,
            147,
            147,
            147,
            147,
            182,
            182,
            147,
            147,
            178,
            140,
            140,
            136,
            136,
            136,
            163,
            163,
            158,
            158,
            158,
            166,
            201,
            201,
            172,
            166,
            197,
            214,
            214,
            198,
            167,
            166,
            166,
            164,
            164,
            137,
            110,
            99,
            99,
            99,
            99,
            99,
            99,
            99,
            99,
            99,
            99,
            99,
            99,
            99,
            99,
            99,
            127,
            127,
            99
        ],
        "time": [
            0.0,
            1.3292100429534912,
            1.9978854656219482,
            4.013742208480835,
            4.747785568237305,
            5.520837783813477,
            6.362532138824463,
            7.233304262161255,
            8.122112512588501,
            9.056681394577026,
            9.994048595428467,
            11.002622842788696,
            12.049170970916748,
            13.09412932395935,
            14.194937705993652,
            15.329333543777466,
            16.52153730392456,
            17.67296862602234,
            18.91277503967285,
            20.157602071762085,
            22.407525300979614,
            23.242736339569092,
            24.0986430644989,
            25.01801347732544,
            25.95698571205139,
            26.92917561531067,
            27.9278666973114,
            29.07642698287964,
            30.240466833114624,
            31.44835925102234,
            32.56332755088806,
            33.84968590736389,
            35.19862961769104,
            36.56001830101013,
            37.68497633934021,
            38.727267026901245,
            39.78324270248413,
            42.069746255874634,
            43.20527267456055,
            44.37037253379822,
            45.39918255805969,
            46.461029291152954,
            47.52134394645691,
            48.72044086456299,
            49.763771295547485,
            50.893128395080566,
            51.967217206954956,
            54.71048617362976,
            55.727023124694824,
            58.5613694190979,
            59.640280961990356,
            62.75958204269409,
            63.758182764053345,
            64.719322681427,
            65.69252300262451,
            68.57852292060852,
            69.57798290252686,
            72.64986968040466,
            75.95079112052917,
            76.98440885543823
        ],
        "transition_count": [
            0,
            1,
            2,
            3,
            4,
            5,
            6,
            7,
            8,
            9,
            10,
            11,
            12,
            13,
            14,
            15,
            16,
            17,
            18,
            19,
            20,
            21,
            22,
            23,
            24,
            25,
            26,
            27,
            28,
            29,
            30,
            31,
            32,
            33,
            34,
            35,
            36,
            37,
            38,
            39,
            40,
            41,
            42,
            43,
            44,
            45,
            46,
            47,
            48,
            49,
            50,
            51,
            52,
            53,
            54,
            55,
            56,
            57,
            58,
            59
        ],