{
    "circuit_name": "mod_red_21",
    "sa_parameters": {
        "initial_temp": 10.0,
        "final_temp": 1,
        "cooling_rate": 0.95
    },
    "performance": {
        "total_execution_time_seconds": 15.435348510742188,
        "timing_breakdown_seconds": {
            "get_gate_num": 11.013397216796875,
            "get_neighbor": 4.420029640197754,
            "acceptance_probability": 0.0001633167266845703,
            "state_update": 0.0014448165893554688,
            "history_update": 8.130073547363281e-05,
            "print": 0.0,
            "cooling": 2.8848648071289062e-05,
            "loop_total": 15.309561729431152
        }
    },
    "initial_circuit_stats": {
        "all": 313,
        "two": 173,
        "one": 140,
        "t": 69
    },
    "optimized_circuit_stats": {
        "all": 313,
        "two": 173,
        "one": 140,
        "t": 69
    },
    "optimization_history": {
        "score": [
            69,
            73,
            73,
            73,
            73,
            73,
            73,
            73,
            72,
            72,
            72,
            72,
            72,
            72,
            72,
            73,
            73,
            73,
            73,
            73,
            73,
            73,
            73,
            73,
            73,
            73,
            73,
            73,
            73,
            73,
            73,
            73,
            73,
            73,
            73,
            73,
            73,
            73,
            73,
            73,
            73,
            73,
            73,
            73,
            73
        ],
        "t_gates": [
            69,
            69,
            69,
            69,
            69,
            69,
            69,
            69,
            69,
            69,
            69,
            69,
            69,
            69,
            69,
            69,
            69,
            69,
            69,
            69,
            69,
            69,
            69,
            69,
            69,
            69,
            69,
            69,
            69,
            69,
            69,
            69,
            69,
            69,
            69,
            69,
            69,
            69,
            69,
            69,
            69,
            69,
            69,
            69,
            69
        ],
        "total_gates": [
            313,
            313,
            313,
            313,
            313,
            313,
            313,
            313,
            313,
            313,
            313,
            313,
            313,
            313,
            313,
            313,
            313,
            313,
            313,
            313,
            313,
            313,
            313,
            313,
            313,
            313,
            313,
            313,
            313,
            313,
            313,
            313,
            313,
            313,
            313,
            313,
            313,
            313,
            313,
            313,
            313,
            313,
            313,
            313,
            313
        ],
        "two_qubit_gates": [
            173,
            173,
            173,
            173,
            173,
            173,
            173,
            173,
            173,
            173,
            173,
            173,
            173,
            173,
            173,
            173,
            173,
            173,
            173,
            173,
            173,
            173,
            173,
            173,
            173,
            173,
            173,
            173,
            173,
            173,
            173,
            173,
            173,
            173,
            173,
            173,
            173,
            173,
            173,
            173,
            173,
            173,
            173,
            173,
            173
        ],
        "time": [
            0.0,
            0.38288259506225586,
            0.5337562561035156,
            0.7006309032440186,
            0.8755388259887695,
            1.0619468688964844,
            1.2621240615844727,
            1.4724318981170654,
            1.7146425247192383,
            1.9763562679290771,
            2.2476847171783447,
            2.5496532917022705,
            2.8712656497955322,
            3.4171481132507324,
            3.6291403770446777,
            3.807389497756958,
            4.004052400588989,
            4.224677801132202,
            4.4392194747924805,
            4.6745171546936035,
            4.924999713897705,
            5.586991310119629,
            5.7775983810424805,
            5.982249736785889,
            6.19911527633667,
            6.432020664215088,
            6.677968502044678,
            6.930235147476196,
            7.1748902797698975,
            7.428572416305542,
            8.057604789733887,
            8.31567645072937,
            9.128996133804321,
            9.43223524093628,
            9.926260471343994,
            10.231817722320557,
            10.560692071914673,
            11.582252264022827,
            12.625688552856445,
            12.934704303741455,
            13.260565519332886,
            14.359929084777832,
            14.688038349151611,
            15.06092381477356,
            15.43534541130066
        ],
        "transition_count": [
            0,
            1,
            2,
            3,
            4,
            5,
            6,
            7,
            8,
            9,
            10,
            11,
            12,
            13,
            14,
            15,
            16,
            17,
            18,
            19,
            20,
            21,
            22,
            23,
            24,
            25,
            26,
            27,
            28,
            29,
            30,
            31,
            32,
            33,
            34,
            35,
            36,
            37,
            38,
            39,
            40,
            41,
            42,
            43,
            44
        ],
        "iteration_count": [
            0,
            2,
            3,
            4,
            5,
            6,
            7,
            8,
            9,
            10,
            11,
            12,
            13,
            14,
            15,
            16,
            17,
            18,
            19,
            20,
            21,
            22,
            23,
            24,
            25,
            26,
            27,
            28,
            29,
            30,
            31,
            32,
            33,
            34,
            35,
            36,
            37,
            38,
            39,
            40,
            41,
            42,
            43,
            44,
            45
        ]
    }
}